review_id,user_id,product_id,rating,comment,created_at
1,83,38,2,Painting senior entire expect investment yard responsibility.,2025-03-26 23:32:59
2,7,14,4,Money fish garden relationship it center accept.,2024-10-19 03:12:37
3,4,4,5,His less already treatment PM sometimes set.,2025-03-10 00:28:15
4,52,9,5,More walk quite piece physical market.,2025-01-07 07:58:39
5,94,46,3,Number drug continue serve information.,2024-11-10 16:55:38
6,53,26,5,Season last meeting southern relate.,2025-03-31 06:32:59
7,8,48,4,Key assume interview house.,2024-07-23 15:54:38
8,70,10,5,Think similar particular before air action.,2024-07-15 21:14:47
9,17,42,2,Hit simple personal home they although.,2024-10-02 07:44:12
10,76,11,1,Camera report foreign agency list miss among.,2024-11-08 01:37:40
11,74,31,3,Guess attorney response provide likely fire.,2025-02-16 16:07:04
12,35,17,2,Fire town worker.,2025-01-19 16:22:00
13,52,44,1,Image central challenge term memory.,2024-06-13 20:57:37
14,82,4,5,Treat relate respond rich.,2025-01-06 22:14:41
15,100,50,1,Analysis never season piece wear general one.,2024-05-15 14:42:41
16,2,41,3,Company enter son foreign remember site military.,2024-09-29 02:17:55
17,20,50,2,Series large check plan.,2024-06-19 00:09:22
18,98,33,2,Almost serious stand author possible lead draw.,2024-09-29 21:30:33
19,15,22,1,Remember tree care sign.,2024-05-06 06:00:19
20,95,21,2,Star gas spend bag.,2024-09-18 14:19:11
21,43,38,1,Now from her gun subject PM.,2024-06-04 02:00:32
22,12,24,2,Consumer by full.,2024-11-23 05:55:14
23,33,29,3,Including artist find.,2024-09-04 15:18:34
24,88,32,4,Over some collection.,2025-03-16 19:23:05
25,69,34,1,Impact key page per.,2024-07-17 19:26:35
26,11,21,4,None sound include air sort.,2024-06-23 22:44:04
27,50,50,4,Ask benefit ago again identify real.,2025-03-08 23:47:40
28,70,31,5,Lead network the many ball appear.,2025-02-24 05:57:21
29,55,34,1,Agree middle student bag grow.,2024-05-21 08:13:06
30,29,10,4,Child might source.,2025-03-31 22:33:33
31,66,21,2,Heavy church nature.,2024-06-08 00:27:42
32,10,10,2,Single city quite wall.,2025-03-22 13:21:57
33,5,25,5,Watch lot thousand question analysis drive.,2024-07-27 05:08:45
34,15,43,1,Whom goal clear inside.,2024-08-26 01:23:47
35,68,18,5,Case north add us accept hope soon.,2025-04-15 13:38:11
36,39,23,4,Agent follow about.,2024-05-02 14:42:18
37,52,38,3,Of challenge check skin.,2025-01-28 01:43:46
38,96,43,5,Job trial four easy case member.,2024-10-27 04:07:03
39,60,33,3,Candidate not go benefit.,2025-03-08 12:26:37
40,30,50,5,Likely different house population however.,2024-11-13 17:06:54
41,5,47,4,Your those head against particularly.,2024-10-05 16:42:44
42,47,22,5,Everybody particularly test hospital personal.,2024-10-27 13:58:04
43,1,16,5,Certain hotel should.,2025-01-07 08:42:24
44,10,31,1,Item bit leave left college listen.,2024-06-12 10:45:08
45,48,28,5,Seven both happy central group.,2024-10-05 00:17:58
46,32,35,1,Send cultural whatever computer on fast play.,2024-07-30 16:43:07
47,67,33,1,Alone improve heart decade care book.,2024-08-23 17:58:22
48,6,37,3,Issue huge away.,2024-12-30 23:21:09
49,6,24,2,Sing nation network college.,2024-06-30 03:29:36
50,44,18,4,Ahead career manage tonight perhaps.,2024-07-29 13:47:59
51,62,49,4,Range sort trial study significant energy.,2024-06-12 04:42:25
52,1,42,2,Maybe forward reason treatment worker season figure they.,2025-04-12 21:58:48
53,84,42,4,Hope likely fill improve image best.,2025-04-05 19:55:06
54,96,47,3,Above other relate very.,2024-10-21 05:51:49
55,88,47,2,Other owner message entire rule.,2024-06-15 23:08:54
56,6,49,4,Soldier action throughout stage.,2024-10-07 22:39:28
57,68,43,2,Put hard recent project.,2025-02-05 23:28:51
58,50,45,3,Two no still back task.,2025-03-17 16:33:15
59,88,38,4,Ago poor coach year.,2024-09-11 17:14:45
60,28,2,4,Just raise enough onto try.,2024-06-16 22:47:46
61,80,39,2,North trouble upon beautiful open free.,2024-10-17 11:21:32
62,79,29,3,Although per environmental medical nearly hour enter.,2024-07-08 07:01:44
63,75,21,4,City system story century attention attention.,2024-09-05 23:59:50
64,73,50,2,News enter director book cell speech.,2024-06-05 00:08:32
65,66,28,4,Statement carry next according.,2025-02-24 05:18:59
66,31,24,4,Record own research blood list girl sister.,2025-02-28 01:47:26
67,38,16,2,Drop marriage worker.,2024-07-24 14:44:15
68,33,16,5,Many water meeting.,2024-08-17 20:54:50
69,76,24,4,Fight institution school white.,2025-02-23 17:52:57
70,31,39,3,Discuss very score loss.,2025-03-02 22:56:34
71,80,41,2,Executive partner story budget great than.,2024-07-07 21:11:02
72,42,16,2,Place grow everyone win should research.,2024-07-27 18:32:57
73,98,17,5,Look fact land general.,2024-07-13 07:39:29
74,23,35,5,Upon full director race.,2025-04-06 14:15:20
75,15,29,4,Message woman with not peace put maybe.,2024-10-10 03:01:03
76,27,45,2,Military ability line hour wear star.,2024-09-19 22:02:09
77,77,23,5,Offer American behavior.,2024-06-27 12:42:38
78,32,46,1,Condition Congress recognize agreement well account.,2024-10-27 14:53:16
79,70,32,2,Bring painting various current.,2025-01-11 00:52:45
80,38,25,3,Summer minute perform indeed Mr.,2025-03-19 13:49:54
81,66,13,3,Up high southern job high.,2025-01-19 21:46:19
82,53,21,1,West agreement girl happen front law care military.,2024-07-16 07:25:00
83,6,13,2,Resource evening realize per.,2024-12-12 00:14:54
84,78,11,5,Debate wish floor inside matter nice.,2024-12-24 12:41:22
85,59,6,3,Buy throw like lawyer fund indicate help.,2024-11-07 17:25:10
86,65,19,4,Star tell law go simple improve.,2024-09-25 15:11:49
87,54,21,4,Need when simple.,2024-07-06 04:18:01
88,7,8,1,Education little direction exist president.,2024-11-20 07:31:25
89,43,11,3,Why mission because feel.,2024-10-21 11:52:05
90,79,47,5,Watch choice already thank.,2025-02-03 10:47:32
91,57,20,5,Hope could many cold another way sign.,2024-08-17 04:11:23
92,54,31,3,Could foreign mind myself surface old charge.,2024-12-22 22:11:52
93,29,44,1,Together number degree kid drug toward such.,2024-11-04 09:05:30
94,93,6,1,A artist drug them particular.,2024-12-12 17:36:09
95,65,2,5,Technology serious international position.,2025-04-11 08:42:23
96,66,22,5,Management court head successful response hospital.,2025-04-11 23:13:42
97,13,37,2,Suffer life chair senior seem west.,2024-09-06 07:06:54
98,3,3,1,Remain decide happy another image because include.,2024-11-09 09:59:38
99,94,20,1,Must plant whether protect most trade.,2024-08-06 02:18:28
100,76,26,2,Mr bad wide manage address information serious.,2024-08-07 08:33:54
101,99,37,5,Should dream whose.,2024-04-25 13:22:50
102,68,13,3,Happen letter body language there wonder him.,2025-01-12 19:59:04
103,38,11,2,Direction opportunity very analysis firm once.,2024-10-09 12:39:30
104,76,15,2,Look floor role agency its professor while.,2025-01-18 13:14:55
105,17,15,3,Budget involve all.,2024-07-23 17:09:02
106,64,20,2,Break factor pattern PM seat my.,2024-05-07 03:24:10
107,95,40,3,Need claim many against television former general.,2025-04-13 20:10:41
108,27,6,2,Night western serious edge bit avoid yourself campaign.,2024-04-28 00:43:40
109,85,27,2,Girl newspaper religious yet really.,2025-04-01 16:26:47
110,26,38,1,Cut recognize keep citizen result thus.,2025-04-06 01:21:39
111,45,35,4,System democratic stock worker everybody professor show.,2024-05-15 18:56:41
112,87,9,3,Final relationship wear along particularly factor.,2024-05-27 05:59:10
113,11,47,5,Without mention get last increase.,2024-10-26 15:26:21
114,89,18,5,But order leg food fast pick.,2024-12-17 09:48:15
115,95,15,1,All structure point especially that.,2024-12-12 20:54:57
116,19,14,5,Within president explain situation eat thousand.,2024-10-21 01:21:03
117,87,1,4,Others skill industry old effect.,2024-08-07 14:23:36
118,17,10,4,Majority large but hear minute discuss space.,2024-09-02 12:20:34
119,69,3,5,Ball better consumer campaign join.,2025-03-07 17:15:53
120,41,15,2,Moment buy east example identify likely.,2025-03-23 12:34:51
121,59,21,4,Clearly thought modern dark.,2024-06-09 13:51:45
122,30,42,3,Small control work name Congress.,2025-02-25 00:11:47
123,87,46,2,Understand relate church serve can street.,2024-12-20 04:13:27
124,13,23,4,Model similar sometimes talk remember.,2024-04-23 01:18:02
125,35,23,5,So suggest artist cold measure defense mouth.,2024-10-12 12:01:57
126,76,19,2,Talk mouth tonight throw.,2024-04-19 05:22:14
127,37,36,4,Second late every include generation.,2024-09-07 02:44:34
128,9,12,4,Throughout citizen drug decide.,2024-05-01 22:24:24
129,15,38,1,Memory attack land.,2024-09-26 22:51:38
130,67,9,4,Outside they eye out.,2024-08-21 15:27:17
131,19,28,3,Happen white maybe read card look.,2025-01-08 12:02:50
132,94,35,2,Part fund feeling cause stand.,2025-03-23 19:21:55
133,98,12,1,Give point herself official receive may.,2024-12-17 18:08:21
134,34,29,3,Successful country describe method meeting space military.,2025-03-10 02:33:31
135,49,33,1,Structure positive true else feeling trade money.,2025-01-28 17:06:40
136,45,25,4,Why learn attention cut billion.,2024-07-18 00:02:57
137,71,9,5,Stay describe time.,2024-11-27 03:30:00
138,73,10,1,Participant environment purpose prevent again trouble.,2024-06-15 12:59:15
139,40,40,4,While door statement scene teach.,2024-05-17 10:38:57
140,67,49,5,Site record should add mother good.,2024-06-30 13:34:56
141,54,14,4,Culture continue condition probably particularly measure.,2024-11-15 16:40:41
142,27,26,1,Town approach today all positive.,2025-03-21 08:21:58
143,13,35,4,Be financial plan phone step country article.,2025-04-05 05:00:15
144,16,33,4,Without prevent ever with participant form.,2025-03-08 13:23:47
145,96,42,2,Learn senior today mention.,2024-11-05 12:19:39
146,5,13,2,Part instead city type short rather.,2025-02-06 06:40:49
147,31,7,5,Once born control white.,2024-07-31 19:51:31
148,49,27,1,Range international everybody book.,2024-08-23 06:51:52
149,71,14,5,Soon account part wind well thousand impact.,2025-01-26 15:41:35
150,26,14,4,Though finish star be hot often worry.,2024-05-03 03:52:05
